timestamp,primary_mbps_tx,backup_mbps_tx,active_target
1776980092.9101284,0.000,0.000,primary
1776980094.3887289,0.000,0.000,primary
1776980096.0238626,0.000,0.000,primary
1776980097.4823987,0.000,0.000,primary
1776980098.6245067,0.000,0.000,primary
1776980099.9819262,0.000,0.000,primary
1776980101.0952077,0.000,0.000,primary
1776980102.5541773,0.000,0.000,primary
1776980103.8200095,0.000,0.000,primary
1776980105.1218112,0.000,0.000,primary
1776980106.211956,0.000,0.000,primary
1776980107.6985521,0.000,0.000,primary
1776980108.9939833,0.000,0.000,primary
1776980110.4001846,0.000,0.000,primary
1776980111.513452,532.418,0.000,primary
1776980112.9191227,1411.326,0.000,primary
1776980115.703013,547.654,0.000,primary
1776980117.574805,734.877,0.000,primary
1776980119.4006119,792.816,0.000,primary
1776980122.5103095,350.617,0.000,primary
1776980124.077805,578.857,0.000,primary
1776980125.3194146,592.824,0.000,primary
1776980127.0748513,540.860,0.000,primary
1776980128.3793766,494.204,0.000,primary
1776980129.878929,599.132,0.000,primary
1776980131.1586008,569.855,0.000,primary
1776980132.6488018,429.902,0.000,primary
1776980134.1443276,356.238,0.000,primary
1776980135.719571,383.970,0.000,primary
1776980136.961594,532.147,0.000,primary
1776980138.4374676,509.259,0.000,primary
1776980139.7579803,449.434,0.000,primary
1776980141.4719217,359.036,0.000,primary
1776980142.8214412,407.702,0.000,primary
1776980144.3105237,489.769,0.000,primary
1776980146.4897451,341.530,0.000,primary
1776980148.0673325,475.430,0.000,primary
1776980149.3436513,430.853,0.000,primary
1776980151.4199302,333.019,0.000,primary
1776980153.0008228,386.766,0.000,primary
1776980154.7413712,375.043,0.000,primary
1776980156.382877,397.209,0.000,primary
1776980157.687256,419.358,0.000,primary
1776980159.3709211,412.967,0.000,primary
1776980160.7845876,423.714,0.000,primary
1776980162.3907743,489.720,0.000,primary
1776980163.6746695,435.917,0.000,primary
1776980165.2227776,438.196,0.000,primary
1776980166.5402935,519.615,0.000,primary
1776980168.1665163,427.154,0.000,primary
1776980169.3912325,446.622,0.000,primary
1776980170.9837914,472.781,0.000,primary
1776980172.2695847,538.573,0.000,primary
1776980173.9554212,382.802,0.000,primary
1776980175.2471504,481.179,0.000,primary
1776980176.8921947,508.166,0.000,primary
1776980178.1404374,422.633,0.000,primary
1776980179.607994,451.119,0.000,primary
1776980180.853553,301.711,0.000,primary
1776980182.5136445,301.127,0.000,primary
1776980183.8099763,443.045,0.000,primary
1776980185.3365622,489.426,0.000,primary
1776980186.6068473,491.358,0.000,primary
1776980188.1487107,485.245,0.000,primary
1776980189.375605,313.118,0.000,primary
1776980191.0468066,358.825,0.000,primary
1776980192.2931604,559.397,0.000,primary
1776980193.935314,391.381,0.000,primary
1776980195.3408477,361.498,0.000,primary
1776980196.948982,440.169,0.000,primary
1776980198.2020605,346.019,0.000,primary
1776980199.809128,347.286,0.000,primary
1776980201.1084237,421.828,0.000,primary
1776980202.653445,423.423,0.000,primary
1776980204.0584795,229.785,0.000,primary
1776980205.9563456,336.770,0.000,primary
1776980207.2578592,414.542,0.000,primary
1776980209.7429063,500.708,0.000,primary
1776980211.3938658,293.664,0.000,primary
1776980212.7277613,171.931,0.000,primary
1776980214.8105597,212.314,0.000,primary
1776980216.6443756,358.317,0.000,primary
1776980217.8903885,451.203,0.000,primary
1776980219.3609614,486.641,0.000,primary
1776980220.600407,513.331,0.000,primary
1776980222.1060426,498.657,0.000,primary
1776980223.315392,472.259,0.000,primary
1776980224.9569633,477.562,0.000,primary
1776980226.20677,501.957,0.000,primary
1776980227.711826,449.988,0.000,primary
1776980228.901576,446.898,0.000,primary
1776980230.5447598,281.530,0.000,primary
1776980231.8694806,408.988,0.000,primary
1776980233.3989124,449.371,0.000,primary
1776980234.9704738,88.429,0.000,primary
1776980238.80308,42.076,0.000,primary
1776980241.795008,57.920,0.000,primary
1776980245.9778872,51.820,0.000,primary
1776980248.660698,49.425,0.000,primary
1776980639.308954,0.000,0.000,primary
1776980640.9921932,0.000,0.000,primary
1776980642.621019,0.000,0.000,primary
1776980643.9818232,0.000,0.000,primary
1776980645.0731833,0.000,0.000,primary
1776980646.5540106,0.000,0.000,primary
1776980647.6371477,0.000,0.000,primary
1776980649.0620651,0.000,0.000,primary
1776980650.146855,0.000,0.000,primary
1776980651.5686197,0.000,0.000,primary
1776980652.876336,0.000,0.000,primary
1776980654.1969936,346.627,0.000,primary
1776980655.942769,579.973,0.000,primary
1776980661.3307962,632.010,0.000,primary
1776980664.8994386,385.009,0.000,primary
1776980666.6118076,299.123,0.000,primary
1776980668.2806907,161.660,0.000,primary
1776980670.9310203,144.099,0.000,primary
1776980673.0990868,177.805,0.000,primary
1776980675.277567,181.058,0.000,primary
1776980677.5639288,192.294,0.000,primary
1776980679.5419579,177.353,0.000,primary
1776980681.0960503,176.340,0.000,primary
1776980683.423704,162.719,0.000,primary
1776980686.2878392,142.360,0.000,primary
1776980688.5005927,138.873,0.000,primary
1776980690.5725048,159.710,0.000,primary
1776980693.1707296,170.867,0.000,primary
1776980695.3267782,148.464,0.000,primary
1776980697.3694725,148.514,0.000,primary
1776980699.402004,196.542,0.000,primary
1776980701.4909966,151.743,0.000,primary
1776980703.4595778,147.029,0.000,primary
1776980704.9306521,193.137,0.000,primary
1776980706.3605387,536.143,0.000,primary
1776980707.6153123,543.960,0.000,primary
1776980709.1819463,478.294,0.000,primary
1776980710.4013798,515.337,0.000,primary
1776980711.9205608,469.017,0.000,primary
1776980713.2169523,376.619,0.000,primary
1776980714.9324813,431.328,0.000,primary
1776980716.2038314,516.195,0.000,primary
1776980717.680553,449.585,0.000,primary
1776980718.938407,262.700,0.000,primary
1776980720.8856192,310.166,0.000,primary
1776980722.1506977,281.332,0.000,primary
1776980723.7028987,346.413,0.000,primary
1776980724.9920127,480.588,0.000,primary
1776980726.5148096,407.207,0.000,primary
1776980727.7428446,347.829,0.000,primary
1776980729.999071,342.819,0.000,primary
1776980732.0243134,459.252,0.000,primary
1776980734.2128289,478.098,0.000,primary
1776980735.7154953,409.517,0.000,primary
1776980736.9946425,437.095,0.000,primary
1776980738.7015,450.722,0.000,primary
1776980739.9924014,375.967,0.000,primary
1776980741.5356765,473.421,0.000,primary
1776980742.7571938,514.398,0.000,primary
1776980744.227996,458.216,0.000,primary
1776980745.4170442,543.729,0.000,primary
1776980746.936928,508.535,0.000,primary
1776980748.1933298,490.894,0.000,primary
1776980749.64788,375.053,0.000,primary
1776980750.995136,302.011,0.000,primary
1776980752.6657608,457.350,0.000,primary
1776980760.9741087,0.000,0.000,primary
1776980762.6196754,492.473,0.000,primary
1776980764.3354275,460.515,0.000,primary
1776980765.9444492,400.096,0.000,primary
1776980767.29352,490.377,0.000,primary
1776980768.9088113,412.181,0.000,primary
1776980770.1303332,537.684,0.000,primary
1776980771.6499636,510.701,0.000,primary
1776980772.9218316,506.879,0.000,primary
1776980774.8318758,453.115,0.000,primary
1776980776.3083863,465.113,0.000,primary
1776980778.0111098,530.612,0.000,primary
1776980779.269938,521.477,0.000,primary
1776980781.2527897,398.817,0.000,primary
1776980782.8366854,452.289,0.000,primary
1776980785.9985209,359.154,0.000,primary
1776980791.6689363,369.268,0.000,primary
1776980795.8824332,329.880,0.000,primary
1776980797.6098244,357.828,0.000,primary
1776980798.9526422,334.131,0.000,primary
1776980800.7525866,348.280,0.000,primary
1776980802.2574081,342.018,0.000,primary
1776980804.085882,306.891,0.000,primary
1776980805.739653,341.337,0.000,primary
1776980807.403791,307.441,0.000,primary
1776980808.644904,318.553,0.000,primary
1776980810.1484928,293.097,0.000,primary
1776980811.5068064,236.222,0.000,primary
1776980813.1364536,270.776,0.000,primary
1776980814.5247386,229.271,0.000,primary
1776980816.0814648,301.664,0.000,primary
1776980817.3696983,260.733,0.000,primary
1776980818.9859638,233.484,0.000,primary
1776980820.2978468,247.481,0.000,primary
1776980822.029657,281.835,0.000,primary
1776980823.6228604,224.869,0.000,primary
1776980825.372766,639.682,0.000,primary
1776980828.9518435,138.869,0.000,primary
1776980831.8483605,194.233,0.000,primary
1776980833.5621138,316.758,0.000,primary
1776980835.109665,248.480,0.000,primary
1776980838.398656,34.931,0.000,primary
1776980841.4338984,72.206,0.000,primary
1776980844.8561535,61.505,0.000,primary
1776980847.1315975,89.439,0.000,primary
1776980849.8899724,93.526,0.000,primary
1776980852.4204082,73.491,0.000,primary
1776980855.6154466,17.166,0.000,primary
1776980861.253094,18.330,0.000,primary
1776980865.4357238,32.259,0.000,primary
1776980868.1730912,70.443,0.000,primary
1776980871.1581497,55.948,0.000,primary
1776980874.328744,74.420,0.000,primary
1776980877.171413,43.022,0.000,primary
1776980880.4705238,43.134,0.000,primary
1776980883.0498872,59.330,0.000,primary
1776980885.7659729,44.951,0.000,primary
1776980888.4351242,54.689,0.000,primary
1776980891.1823907,41.647,0.000,primary
1776980893.840797,49.248,0.000,primary
1776980896.3716152,48.645,0.000,primary
1776980899.1214752,39.485,0.000,primary
1776980901.9038026,47.554,0.000,primary
1776980904.658802,47.056,0.000,primary
1776980907.4023542,43.997,0.000,primary
1776980910.558123,48.603,0.000,primary
1776980913.5904057,65.686,0.000,primary
1776980916.0501602,70.475,0.000,primary
1776980917.591443,128.805,0.000,primary
1776980919.0180387,122.968,0.000,primary
1776980920.986065,115.894,0.000,primary
1776980922.3363757,121.318,0.000,primary
1776980924.197602,128.198,0.000,primary
1776980925.5343776,111.519,0.000,primary
1776980927.3081806,128.561,0.000,primary
1776980928.656591,120.846,0.000,primary
1776980930.4787533,139.768,0.000,primary
1776980931.9359088,142.022,0.000,primary
1776980933.8221695,113.082,0.000,primary
1776980935.103287,139.356,0.000,primary
1776980936.8488655,103.816,0.000,primary
1776980938.1599221,106.886,0.000,primary
1776980940.03621,146.758,0.000,primary
1776980941.3824522,113.080,0.000,primary
1776980943.161731,132.300,0.000,primary
1776980944.572174,140.747,0.000,primary
1776980946.3093035,115.836,0.000,primary
1776980947.6755292,104.112,0.000,primary
1776980949.4475334,117.112,0.000,primary
1776980950.9145246,77.223,0.000,primary
1776980952.7570717,112.636,0.000,primary
1776980954.0255451,183.441,0.000,primary
1776980955.7527146,167.977,0.000,primary
1776980957.1989057,147.826,0.000,primary
1776980959.0355375,149.914,0.000,primary
1776980960.4936013,145.171,0.000,primary
1776981124.2353094,0.000,0.000,primary
1776981126.0893989,164.181,0.000,primary
1776981127.453692,187.628,0.000,primary
1776981129.9985423,167.939,0.000,primary
1776981131.6775503,175.764,0.000,primary
1776981133.656289,154.891,0.000,primary
1776981135.2934682,188.445,0.000,primary
1776981136.705152,181.273,0.000,primary
1776981138.4351764,215.128,0.000,primary
1776981139.7159374,117.234,0.000,primary
1776981141.349924,227.753,0.000,primary
1776981143.0768995,129.629,0.000,primary
1776981144.9433558,144.201,0.000,primary
1776981146.7548742,128.227,0.000,primary
1776981148.6700997,132.834,0.000,primary
1776981150.058417,161.953,0.000,primary
1776981151.8348372,185.229,0.000,primary
1776981153.2224646,171.916,0.000,primary
1776981154.8067503,162.548,0.000,primary
1776981156.0800045,134.426,0.000,primary
1776981157.684402,141.482,0.000,primary
1776981159.3606784,147.662,0.000,primary
1776981161.043941,159.574,0.000,primary
1776981162.468155,114.373,0.000,primary
1776981164.0661013,177.869,0.000,primary
1776981165.4558792,130.373,0.000,primary
1776981167.0228336,150.191,0.000,primary
1776981168.2871704,167.141,0.000,primary
1776981169.8788347,135.334,0.000,primary
1776981171.209337,125.504,0.000,primary
1776981172.6779282,162.696,0.000,primary
1776981174.1019244,137.872,0.000,primary
1776981176.0245633,121.764,0.000,primary
1776981177.2856379,171.212,0.000,primary
1776981178.8611374,126.367,0.000,primary
1776981180.1989496,117.208,0.000,primary
1776981181.6675448,121.000,0.000,primary
1776981183.0406005,114.724,0.000,primary
1776981184.714798,151.943,0.000,primary
1776981186.0759227,123.063,0.000,primary
1776981187.8064456,113.246,0.000,primary
1776981189.1405535,150.416,0.000,primary
1776981190.7232628,144.425,0.000,primary
1776981192.0510705,136.463,0.000,primary
1776981193.6748936,200.712,0.000,primary
1776981195.0348454,132.820,0.000,primary
1776981196.8799174,100.813,0.000,primary
1776981198.1828332,149.182,0.000,primary
1776981199.7323947,122.055,0.000,primary
1776981201.4270542,133.985,0.000,primary
1776981203.1390042,135.369,0.000,primary
1776981204.469816,107.298,0.000,primary
1776981206.1824691,99.059,0.000,primary
1776981207.5526054,112.663,0.000,primary
1776981209.1356726,122.778,0.000,primary
1776981210.4960277,149.877,0.000,primary
1776981212.1903572,113.131,0.000,primary
1776981213.552317,143.869,0.000,primary
1776981215.1704676,174.386,0.000,primary
1776981216.6725628,202.899,0.000,primary
1776993083.1693041,0.000,0.000,primary
1776993084.9242418,0.000,0.000,primary
1776993086.838867,0.000,0.000,primary
1776993088.311864,0.000,0.000,primary
1776993089.6745028,0.000,0.000,primary
1776993091.0033956,0.000,0.000,primary
1776993092.2282057,0.000,0.000,primary
1776993093.504621,194.010,0.000,primary
1776993095.4490917,816.317,0.000,primary
1776993097.1499016,1002.686,0.000,primary
1776993098.5051692,636.507,0.000,primary
1776993100.0855653,790.601,0.000,primary
1776993101.686542,788.579,0.000,primary
1776993103.3164365,710.794,0.000,primary
1776993104.6795263,794.865,0.000,primary
1776993108.0299213,448.061,0.000,primary
1776993109.5304902,588.466,0.000,primary
1776993110.7953424,719.410,0.000,primary
1776993112.3374617,651.726,0.000,primary
1776993113.9336033,598.025,0.000,primary
1776993115.5579946,539.848,0.000,primary
1776993116.787306,653.967,0.000,primary
1776993118.2692933,592.412,0.000,primary
1776993119.500851,584.441,0.000,primary
1776993121.0378377,736.602,0.000,primary
1776993122.2528057,758.010,0.000,primary
1776993123.780787,722.430,0.000,primary
1776993124.981141,595.271,0.000,primary
1776993126.5809476,645.734,0.000,primary
1776993129.2822967,481.029,0.000,primary
1776993130.8686497,626.265,0.000,primary
1776993132.1685688,497.171,0.000,primary
1776993133.8346868,540.846,0.000,primary
1776993135.0704067,631.381,0.000,primary
1776993147.277338,0.000,0.000,primary
1776993148.7693958,627.822,0.000,backup
1776993150.4845786,591.805,0.000,primary
1776993153.4548848,520.972,0.000,backup
1776993155.3378937,789.023,0.000,primary
1776993157.151417,620.834,0.000,backup
1776993159.7652926,607.475,0.000,primary
1776993161.595563,642.409,0.000,backup
1776993163.2528043,680.002,0.000,primary
1776993165.4119725,593.721,0.000,backup
1776993167.4908123,537.068,0.000,primary
1776993169.3442419,643.051,0.000,backup
1776993171.0558515,515.819,0.000,primary
1776993173.0333233,491.061,0.000,backup
1776993174.753623,591.578,0.008,primary
1776993177.0785115,612.692,0.039,backup
1776993179.4163747,499.188,0.031,primary
1776993181.4561555,477.618,0.017,backup
1776993184.6813087,410.379,0.012,primary
1776993186.7606347,407.459,0.017,backup
1776993188.829357,387.453,0.000,primary
1776993190.948017,334.716,0.000,backup
1776993193.061172,336.114,0.000,primary
1776993195.3594182,338.599,0.015,backup
1776993197.7781599,339.967,0.000,primary
1776993200.0413728,275.842,0.000,primary
1776993201.6431742,254.159,0.000,primary
1776993202.9433086,277.135,0.000,primary
1776993204.573435,303.258,0.000,primary
1776993205.8940272,306.217,0.000,primary
1776993207.4818497,324.613,0.000,backup
1776993209.4941912,318.269,0.000,primary
1776993212.6322238,132.324,0.011,primary
1776993214.7307436,193.952,0.000,primary
1776993216.7001648,207.796,0.000,primary
1776993218.3845382,134.534,0.000,primary
1776993220.1864953,154.022,0.000,primary
1776993221.586768,247.995,0.000,primary
1776993223.275678,180.440,0.000,primary
1776993224.771151,192.654,0.000,primary
1776993226.4981952,197.656,0.000,primary
1776993227.8095648,181.978,0.000,primary
1776993229.5168586,210.462,0.000,primary
1776993231.3453543,238.476,0.000,primary
1776993233.1816835,227.913,0.000,primary
1776993234.8518412,237.900,0.000,primary
1776993236.5856876,233.393,0.000,primary
1776993238.0085504,233.369,0.000,primary
1776993239.562875,257.940,0.000,primary
1776993240.9034436,224.497,0.000,primary
1776993242.518225,223.280,0.000,primary
1776993243.8165157,240.038,0.027,primary
1776993245.3799093,235.813,0.000,primary
1776993246.7103713,218.761,0.000,primary
1776993248.5964155,214.405,0.000,primary
1776993250.054676,221.021,0.000,primary
1776993251.8011754,212.418,0.000,primary
1776993253.178733,286.634,0.000,primary
1776993255.1053343,144.953,0.000,primary
1776993256.4669805,194.070,0.000,primary
1776993258.155923,232.114,0.000,primary
1776993259.520547,191.674,0.000,primary
1776993261.2139723,167.544,0.000,primary
1776993262.6835334,171.225,0.000,primary
1776993264.3912342,228.949,0.000,primary
1776993265.6813302,281.370,0.000,primary
1776993267.328478,221.392,0.000,primary
1776993268.6514597,254.127,0.000,primary
1776993270.4701235,220.214,0.000,primary
1776993271.7616105,221.655,0.000,primary
1776993273.4667013,223.149,0.000,primary
1776993274.8494499,224.132,0.000,primary
1776993276.6002786,224.527,0.000,primary
1776993277.9611738,151.247,0.000,primary
1776993279.718396,186.934,0.000,primary
1776993281.1494944,162.220,0.000,primary
1776993282.9234319,178.324,0.000,primary
1776993284.368193,145.397,0.000,primary
1776993286.3653207,136.071,0.000,primary
1776993287.733112,135.128,0.000,primary
1776993289.5091617,149.726,0.000,primary
1776993291.0398064,111.150,0.000,primary
1776993292.961887,128.521,0.000,primary
1776993294.3582733,143.643,0.000,primary
1776993296.3682823,204.547,0.000,primary
1776993297.992964,199.516,0.000,primary
1776993299.3474255,155.548,0.000,primary
1776993301.2004561,104.621,0.000,primary
1776993302.5804715,182.347,0.000,primary
1776993304.5015671,165.791,0.000,primary
1776993305.8563948,147.288,0.000,primary
1776993307.9487677,129.454,0.000,primary
1776993309.8569088,167.641,0.000,primary
1776993311.4712775,119.736,0.000,primary
1776993313.6544976,133.384,0.000,primary
1776993315.3356795,203.510,0.000,primary
1776993316.668341,185.626,0.000,primary
1776993318.3162668,193.896,0.000,primary
1776993319.6837878,190.905,0.000,primary
1776993321.3742146,226.616,0.000,primary
1776993322.7307346,134.299,0.000,primary
1776993324.6945992,182.813,0.000,primary
1776993325.9506288,172.662,0.000,primary
1776993327.7809541,126.323,0.000,primary
1776993329.4666061,105.937,0.000,primary
1776993331.2687194,200.079,0.000,primary
1776993332.5247529,269.270,0.000,primary
1776993334.176224,231.337,0.000,primary
1776993335.5107613,287.742,0.000,primary
1776993337.191831,236.622,0.000,primary
1776993338.540443,219.701,0.000,primary
1776993340.356771,218.133,0.000,primary
1776993341.7166715,206.699,0.000,primary
1776993343.3632636,262.645,0.000,primary
1776993344.6574917,228.472,0.000,primary
1776993346.2248077,261.126,0.000,primary
1776993347.5892744,217.903,0.000,primary
1776993349.2461457,199.195,0.000,primary
1776993350.6110487,220.126,0.000,primary
1776993352.2331254,187.888,0.000,primary
1776993353.5968223,428.037,0.000,backup
1776993356.0239882,225.457,0.000,primary
1776993358.3051443,284.559,0.000,primary
1776993360.0543292,220.846,0.000,primary
1776993361.390818,220.114,0.000,primary
1776993363.0518508,277.753,0.000,primary
1776993364.3142214,255.047,0.000,primary
1776993365.9434128,185.003,0.000,primary
1776993367.206263,189.404,0.000,primary
1776993369.0382543,226.544,0.000,primary
1776993370.3943734,209.673,0.000,primary
1776993372.246323,168.566,0.000,primary
1776993373.5521913,172.159,0.000,primary
1776993375.354696,220.729,0.000,primary
1776993376.742707,188.374,0.000,primary
1776993378.3262203,236.693,0.000,primary
1776993379.639606,242.394,0.000,primary
1776993381.3144271,223.044,0.000,primary
1776993382.5876362,252.918,0.000,primary
1776993384.261438,209.313,0.000,primary
1776993385.5359023,244.770,0.000,primary
1776993387.193312,208.717,0.000,primary
1776993388.5064456,238.435,0.000,primary
1776993390.1748033,240.936,0.000,primary
1776993391.4958801,221.054,0.000,primary
1776993393.2136989,211.393,0.000,primary
1776993394.4717138,314.937,0.000,primary
1776993396.1016235,274.893,0.000,primary
1776993397.4243722,181.394,0.000,primary
1776993399.1448138,224.868,0.000,primary
1776993400.455976,191.805,0.000,primary
1776993402.333498,230.564,0.000,primary
1776993403.660906,183.796,0.000,primary
1776993405.3671126,231.311,0.000,primary
1776993406.6740272,214.596,0.000,primary
1776993408.400236,194.244,0.000,primary
1776993409.7248662,246.697,0.000,primary
1776993411.5372605,153.375,0.000,primary
1776993412.983737,143.794,0.000,primary
1776993414.8584652,190.354,0.000,primary
1776993416.2479753,155.321,0.000,primary
1776993418.0923936,139.896,0.000,primary
1776993419.4669278,144.792,0.000,primary
1776993421.2664914,160.072,0.000,primary
1776993422.712761,149.236,0.000,primary
1776993424.605861,92.945,0.000,primary
1776993426.1812625,140.399,0.000,primary
1776993428.0503075,128.212,0.000,primary
1776993429.4749088,148.955,0.000,primary
1776993431.4108424,146.882,0.000,primary
1776993432.8165505,96.300,0.000,primary
1776993435.3424056,125.077,0.000,primary
1776993437.104867,264.163,0.000,primary
1776993438.347073,249.861,0.000,primary
1776993439.8048885,191.368,0.000,primary
1776993441.001709,306.312,0.000,primary
1776993442.789252,236.149,0.000,primary
1776993444.1382704,274.798,0.000,primary
1776993445.8535094,232.506,0.000,primary
1776993447.2230897,197.872,0.000,primary
1776993448.8446765,226.858,0.000,primary
1776993450.1731162,199.267,0.000,primary
1776993451.8433557,246.661,0.000,primary
1776993453.115259,299.395,0.000,primary
1776993454.6734016,197.944,0.000,primary
1776993456.0314095,195.348,0.000,primary
1776993457.8215306,157.938,0.000,primary
1776993459.1289964,200.724,0.000,primary
1776993460.9003174,280.739,0.000,primary
1776993462.2212412,192.476,0.000,primary
1776993463.7822874,228.889,0.000,primary
1776993465.2661245,135.927,0.000,primary
1776993467.0513387,167.043,0.000,primary
1776993468.31994,180.872,0.000,primary
1776993470.0850012,176.111,0.000,primary
1776993471.5882747,191.547,0.000,primary
1776993473.6062171,137.511,0.000,primary
1776993475.3492332,134.728,0.000,primary
1776993476.6759784,325.225,0.000,backup
1776993478.8458729,201.460,0.000,primary
1776993481.2137022,156.293,0.000,primary
1776993482.9918685,156.935,0.000,primary
1776993484.2847023,159.489,0.000,primary
1776993485.9411128,184.416,0.000,primary
1776993487.398477,166.906,0.000,primary
1776993489.162004,108.721,0.000,primary
1776993490.6201935,120.653,0.000,primary
1776993492.310444,165.698,0.000,primary
1776993493.7193284,170.390,0.000,primary
1776993495.581598,130.044,0.000,primary
1776993496.9630973,126.978,0.000,primary
1776993498.5176542,138.553,0.000,primary
1776993499.8500175,166.301,0.000,primary
1776993501.2947664,167.599,0.000,primary
1776993502.5905204,186.893,0.000,primary
1776993504.6805353,137.581,0.000,primary
1776993506.3602424,237.760,0.000,primary
1776993507.684416,162.207,0.000,primary
1776993509.4219868,202.037,0.000,primary
1776993510.6891615,207.777,0.000,primary
1776993512.3947752,204.750,0.000,primary
1776993513.8821137,186.250,0.000,primary
1776993515.4497976,218.720,0.000,primary
1776993516.8489811,172.382,0.000,primary
1776993518.59397,176.198,0.000,primary
1776993520.1451435,169.316,0.000,primary
1776993521.970441,210.750,0.000,primary
1776993523.3849163,280.019,0.000,primary
1776993525.2782302,15.896,0.000,primary
1776993811.2517614,0.000,0.000,primary
1776993812.7961423,0.000,0.000,primary
1776993814.430979,0.000,0.000,primary
1776993816.0431478,0.000,0.000,primary
1776993818.315708,0.000,0.000,primary
1776993820.0307343,0.000,0.000,primary
1776993821.202625,0.000,0.000,primary
1776993822.508178,0.000,0.000,primary
1776993823.615582,502.557,0.000,primary
1776993825.478428,574.295,0.000,primary
1776993826.9893832,639.127,0.000,primary
1776993828.6281855,921.703,0.000,primary
1776993829.9562976,765.050,0.000,primary
1776993831.462683,936.518,0.000,primary
1776993835.3153815,323.838,0.000,primary
1776993836.9506838,551.977,0.000,primary
1776993838.253855,582.606,0.000,primary
1776993839.7701564,467.139,0.000,primary
1776993841.2907915,363.133,0.000,primary
1776993843.5567267,166.022,0.000,primary
1776993845.9458745,105.328,0.000,primary
1776993848.0716703,129.499,0.000,primary
1776993850.4563055,112.831,0.000,primary
1776993853.2597125,109.875,0.000,primary
1776993855.3569782,83.899,0.000,primary
1776993858.1488364,115.430,0.000,primary
1776993860.725603,108.081,0.000,primary
1776993863.1032977,132.413,0.000,primary
1776993865.8017797,91.332,0.000,primary
1776993867.9538047,136.471,0.000,primary
1776993870.1298492,136.933,0.000,primary
1776993873.8164346,117.686,0.000,primary
1776993876.0883923,83.232,0.000,primary
1776993878.472306,91.262,0.000,primary
1776993880.8879123,97.225,0.000,primary
1776993883.1905212,58.813,0.000,primary
1776993885.9753318,64.827,0.000,primary
1776993888.7804632,150.889,0.000,primary
1776993892.2018526,96.963,0.000,primary
1776993895.7391944,191.677,0.000,primary
1776993899.05357,137.951,0.000,primary
1776993902.7431934,141.133,0.000,primary
1776993905.4961925,122.020,0.000,primary
1776993907.8418596,129.958,0.000,primary
1776993910.256698,87.482,0.000,primary
1776993912.762614,85.855,0.000,primary
1776993915.4183943,70.557,0.000,primary
1776993917.9983563,71.876,0.000,primary
1776993920.1609857,123.216,0.000,primary
1776993921.736903,189.042,0.000,primary
1776993923.3808675,228.904,0.000,primary
1776993925.1258037,170.489,0.000,primary
1776993926.497284,212.111,0.000,primary
1776993928.6874502,219.721,0.000,primary
1776993930.5877438,144.095,0.000,primary
1776993932.1316347,134.079,0.000,primary
1776993933.810369,179.381,0.000,primary
1776993935.2176893,160.495,0.000,primary
1776993936.8773646,191.885,0.000,primary
1776993938.2636337,158.421,0.000,primary
1776993940.1684017,150.109,0.000,primary
1776993941.6049259,168.522,0.000,primary
1776993943.5465863,171.718,0.000,primary
1776993944.9861903,162.732,0.000,primary
1776993947.0629966,131.848,0.000,primary
1776993949.006856,176.036,0.000,primary
1776993950.5212486,121.032,0.000,primary
1776993952.3492675,148.770,0.000,primary
1776993953.7609472,125.948,0.000,primary
1776993955.5998902,151.470,0.000,primary
1776993957.1183698,157.177,0.000,primary
1776993958.8743885,146.884,0.000,primary
1776993960.3443623,136.860,0.000,primary
1776993962.2414393,131.897,0.000,primary
1776993963.7596312,136.343,0.000,primary
1776993966.0301723,136.383,0.000,primary
1776993968.3162313,132.920,0.000,primary
1776993970.5683045,138.442,0.000,primary
1776993972.538309,101.889,0.000,primary
1776993974.2932463,145.527,0.000,primary
1776993976.422548,120.232,0.000,primary
1776993978.3182673,123.924,0.000,primary
1776993979.8075364,153.096,0.000,primary
1776993981.6419795,88.758,0.000,primary
1776993983.9615638,125.136,0.000,primary
1776993985.8825078,226.626,0.000,primary
1776993988.7597897,165.575,0.000,primary
1776993990.7579288,137.495,0.000,primary
1776993992.2918582,121.019,0.000,primary
1776993994.1385162,138.879,0.000,primary
1776993995.8594255,127.930,0.000,primary
1776993997.7735178,110.364,0.000,primary
1776993999.3111994,117.832,0.000,primary
1776994001.0588772,106.108,0.000,primary
1776994003.5978088,90.674,0.000,primary
1776994006.125605,150.844,0.000,primary
1776994008.9548998,107.007,0.000,primary
1776994010.8783154,73.693,0.000,primary
1776994012.351735,128.969,0.000,primary
1776994014.5287242,197.349,0.000,primary
1776994066.8388748,23.420,0.000,primary
1776994069.2744823,135.896,0.000,primary
1776994071.3759227,168.740,0.000,primary
1776994073.3120975,119.900,0.000,primary
1776994075.6893246,28.244,0.000,primary
1776994080.433919,43.157,0.000,primary
1776994083.8215241,188.171,0.000,primary
1776994086.4175992,124.984,0.000,primary
1776994088.7716882,72.973,0.000,primary
1776994091.0631366,106.225,0.000,primary
1776994093.2525365,112.123,0.000,primary
1776994095.1911972,109.028,0.000,primary
1776994096.6365805,77.570,0.000,primary
1776994098.4174597,83.739,0.000,primary
1776994100.0505579,78.409,0.000,primary
1776994101.993042,208.654,0.000,primary
1776994104.343284,316.142,0.000,primary
1776994107.7249994,164.104,0.000,primary
1776994112.3382146,178.554,0.000,primary
1776994114.775154,133.091,0.000,primary
1776994116.9509087,99.536,0.000,primary
1776994118.943262,87.275,0.000,primary
1776994120.6708417,163.105,0.000,primary
1776994123.759986,134.082,0.000,primary
1776994125.5862353,74.745,0.000,primary
1776994127.1482074,105.901,0.000,primary
1776994129.0492275,90.355,0.000,primary
1776994130.6025121,64.796,0.000,primary
1776994133.4374435,178.895,0.000,primary
1776994135.5170672,133.677,0.000,primary
1776994486.9672651,0.000,0.000,primary
1776994488.4078414,0.000,0.000,primary
1776994491.4402137,0.000,0.000,primary
1776994492.4404154,0.000,0.000,primary
1776994493.4578907,0.000,0.000,primary
1776994494.4869576,0.000,0.000,primary
1776994495.697153,356.901,0.000,primary
1776994497.8065019,743.686,0.000,primary
1776994498.913706,780.996,0.000,primary
1776994500.1789382,767.310,0.000,primary
1776994501.4208922,537.676,0.000,primary
1776994502.744691,627.510,0.000,primary
1776994503.8081481,755.397,0.000,primary
1776994505.1032581,734.674,0.000,primary
1776994506.1671636,749.590,0.000,primary
1776994507.487297,630.502,0.000,primary
1776994508.710324,485.144,0.000,primary
1776994509.8972983,548.927,0.000,primary
1776994511.628699,821.872,0.000,primary
1776994517.3707082,583.935,0.000,primary
1776994519.403432,468.223,0.000,primary
1776994521.6894166,845.360,0.000,primary
1776994524.1748946,374.531,0.000,primary
1776994525.3900192,408.775,0.000,primary
1776994527.1282065,580.670,0.000,primary
1776994528.433232,89.888,0.000,primary
1776994529.979413,349.651,0.000,primary
1776994531.47098,428.319,0.000,primary
1776994533.8478703,427.874,0.000,primary
1776994534.8842306,201.506,0.000,primary
1776994536.3752003,246.284,0.000,primary
1776994537.412648,256.547,0.000,primary
1776994538.8407314,271.792,0.000,primary
1776994540.109375,311.364,0.000,primary
1776994541.4852293,224.815,0.000,primary
1776994542.884571,256.044,0.000,primary
1776994544.0142965,244.027,0.000,primary
1776994545.1386192,226.921,0.000,primary
1776994546.1722772,1028.038,0.000,primary
1776994549.8543894,324.092,0.000,primary
1776994553.3674054,470.727,0.000,primary
1776994562.2933013,105.241,0.000,primary
1776994568.0651925,45.492,0.000,primary
1776994569.1902206,558.847,0.000,primary
1776994572.540614,200.517,0.000,primary
1776994577.0103881,422.361,0.000,primary
1776994580.3373663,271.639,0.000,primary
1776994584.981139,293.459,0.000,primary
1776994603.0312612,55.167,0.000,primary
1776994678.4036403,16.006,0.000,primary
1776994680.4993336,288.723,0.000,primary
1776994681.5228136,279.646,0.000,primary
1776994682.8158119,430.223,0.000,primary
1776994684.2303922,408.577,0.000,primary
1776994685.2786345,501.644,0.000,primary
1776994686.3126464,246.180,0.000,primary
1776994688.109013,422.520,0.000,primary
1776995137.600448,0.461,0.000,primary
1776995138.7969797,279.226,0.000,primary
1776995140.316302,498.944,0.000,primary
1776995141.895759,234.041,0.000,primary
1776995143.3245742,151.687,0.000,primary
1776995144.3481712,293.992,0.000,primary
1776995538.3273897,0.000,0.000,primary
1776995539.687722,0.000,0.000,primary
1776995540.9121485,0.000,0.000,primary
1776995541.9637172,0.000,0.000,primary
1776995543.060985,0.000,0.000,primary
1776995544.1059833,0.000,0.000,primary
1776995545.1913626,1004.891,0.000,primary
1776995546.2030914,1178.729,0.000,primary
1776995547.2366326,1303.856,0.000,primary
1776995548.6285238,703.117,0.000,primary
1776995549.7174494,935.422,0.000,primary
1776995550.7638786,880.835,0.000,primary
1776995551.8748071,819.015,0.000,primary
1776995553.0844946,565.528,0.000,primary
1776995554.1132255,825.856,0.000,primary
1776995555.162178,1125.417,0.000,primary
1776995558.031078,143.255,0.000,primary
1776995559.0901794,834.676,0.000,primary
1776995560.876404,504.063,0.000,primary
1776995562.0885723,371.447,0.000,primary
1776995563.1518953,1084.502,0.000,primary
1776995564.536643,778.226,0.000,primary
1776995566.174319,179.061,0.000,primary
1776995567.284443,726.968,0.000,primary
1776995568.5750966,534.152,0.000,primary
1776995569.905764,592.769,0.000,primary
1776995570.9102027,476.076,0.000,primary
1776995571.9759953,605.887,0.000,primary
1776995573.0316758,527.125,0.000,primary
1776995574.0621521,420.277,0.000,primary
1776995575.0712748,319.845,0.000,primary
1776995576.097426,335.632,0.000,primary
1776995577.1756783,444.063,0.000,primary
1776995578.183574,396.312,0.000,primary
1776995579.2237895,426.904,0.000,primary
1776995580.5090196,606.960,0.000,primary
1776995581.8310986,381.609,0.000,primary
1776995583.1396196,347.927,0.000,primary
1776995584.1579306,415.064,0.000,primary
1776995585.2079308,370.510,0.000,primary
1777796329.75311,0.000,0.000,primary
1777796330.8077204,0.000,0.000,primary
1777796333.798252,0.000,0.000,primary
1777796334.8465385,0.000,0.000,primary
1777796335.9019105,0.000,0.000,primary
1777796336.9301112,0.000,0.000,primary
1777796337.9870243,0.000,0.000,primary
1777796339.0252128,0.000,0.000,primary
1777796340.0845454,0.000,0.000,primary
1777796341.1711082,0.000,0.000,primary
1777796342.2210965,0.000,0.000,primary
1777796343.236554,0.000,0.000,primary
1777796344.2478552,0.000,0.000,primary
1777796345.3498368,0.000,0.000,primary
1777796346.4166622,0.000,0.000,primary
1777796347.4270072,0.000,0.000,primary
1777796348.4850466,0.000,0.000,primary
1777796349.496168,0.000,0.000,primary
1777796350.6133838,0.000,0.000,primary
1777796351.7495172,0.000,0.000,primary
1777796352.7991486,0.000,0.000,primary
1777796353.8196461,0.000,0.000,primary
1777796354.8328948,0.000,0.000,primary
1777796355.8879673,299.804,0.000,primary
1777796356.8948967,1708.264,0.000,backup
1777796358.1620803,1592.497,0.000,primary
1777796359.616448,1449.924,0.000,backup
1777796360.8674402,1351.362,0.000,primary
1777796361.965006,1384.218,0.000,primary
1777796363.2676823,1321.149,0.000,backup
1777796364.436896,1376.207,0.000,primary
1777796365.8682578,1315.050,0.000,backup
1777796367.062378,1155.733,0.000,backup
1777796368.3586156,1381.196,0.000,primary
1777796369.414097,1437.928,0.000,backup
1777796370.9900603,1137.364,0.000,primary
1777796372.368619,1170.304,0.000,backup
1777796373.4604375,1012.170,0.000,backup
1777796374.477679,1204.854,0.000,backup
1777796375.6600816,1040.098,0.000,backup
1777796376.690929,1099.791,0.000,backup
1777796377.8525026,1113.490,0.000,backup
1777796378.8894992,1094.242,0.000,backup
1777796379.9534423,1172.703,0.000,backup
1777796381.3038845,1269.729,0.000,primary
1777796382.4119432,1153.524,0.000,primary
1777796383.5138564,1290.101,0.000,backup
1777796384.7578554,1353.398,0.000,primary
1777796386.3840246,1227.600,0.000,backup
1777796387.5505397,1219.993,0.000,primary
1777796388.78488,1201.057,0.000,primary
1777796390.1192052,1286.466,0.000,backup
1777796391.1347497,1077.309,0.000,backup
1777796392.3092499,943.066,0.000,primary
1777796393.3541064,954.279,0.000,primary
1777796394.386167,1336.174,0.000,backup
1777796395.3968356,935.965,0.000,primary
1777796396.448464,0.000,0.000,primary
1777796397.4855611,0.000,0.000,primary
1777796619.5561576,0.000,0.000,primary
1777796620.6886332,0.000,0.000,primary
1777796621.7695642,0.000,0.000,primary
1777796622.829821,0.000,0.000,primary
1777796623.8307989,0.000,0.000,primary
1777796624.8319042,0.000,0.000,primary
1777796625.8381956,0.000,0.000,primary
1777796626.8448598,0.000,0.000,primary
1777796628.092456,0.000,0.000,primary
1777796629.1440864,0.000,0.000,primary
1777796630.1875331,594.689,0.000,primary
1777796631.2320144,1617.133,0.000,backup
1777796632.2468882,1409.657,0.000,backup
1777796633.2493992,1525.997,0.000,backup
1777796634.274245,1455.789,0.000,backup
1777796635.3685982,1453.189,0.000,backup
1777796636.4518814,1309.749,0.000,primary
1777796637.5665357,1239.048,0.000,backup
1777796638.6212425,1193.420,0.000,backup
1777796639.7049344,1256.532,0.000,backup
1777796640.7310944,1111.979,0.001,backup
1777796641.7779956,1240.951,0.001,backup
1777796642.8985767,1338.945,0.001,backup
1777796643.9004269,1357.599,0.000,backup
1777796644.9225078,1320.466,0.000,backup
1777796645.9664729,1276.162,0.001,backup
1777796646.9793205,1202.827,0.001,backup
1777796648.0283096,1272.077,0.001,backup
1777796649.0843923,1184.900,0.000,backup
1777796650.2347643,1214.304,0.001,backup
1777796651.248517,1276.884,0.001,backup
1777796652.2936811,1358.119,0.001,backup
1777796653.4012818,1270.668,0.000,backup
1777796654.4656057,1229.543,0.000,backup
1777796655.5083609,921.977,0.000,backup
1777796656.5367575,879.151,0.000,backup
1777796657.6067193,978.526,0.000,backup
1777796658.7885716,1235.737,0.000,backup
1777796659.8091338,1010.481,0.000,backup
1777796660.8709164,860.425,0.000,backup
1777796661.9687257,939.742,0.000,backup
1777796663.131605,1085.119,0.000,backup
1777796664.2284327,931.568,0.000,primary
1777796665.2501793,907.392,0.000,primary
1777797064.1279316,0.000,0.000,primary
1777797065.1685808,0.000,0.000,primary
1777797066.3599305,0.000,0.000,primary
1777797067.397088,0.000,0.000,primary
1777797068.423924,0.000,0.000,primary
1777797069.463293,0.000,0.000,primary
1777797070.5653226,0.000,0.000,primary
1777797071.5824008,0.000,0.000,primary
1777797072.6005821,0.000,0.000,primary
1777797073.659724,0.000,0.000,primary
1777797074.6924317,0.000,0.000,primary
1777797075.760967,0.000,0.000,primary
1777797076.8630254,102.987,0.000,primary
1777797077.9772494,1194.797,0.000,backup
1777797079.0650184,465.775,0.011,backup
1777797080.068221,0.000,0.008,backup
1777797081.0970037,0.000,0.003,backup
1777797082.1176717,0.000,0.008,backup
1777797083.3580928,0.000,0.002,primary
1777797084.3673959,407.516,0.000,primary
1777797085.4837842,1215.815,0.000,backup
1777797086.5249267,432.925,0.000,backup
1777797087.5681937,0.000,0.000,backup
1777797088.6124403,0.000,0.000,backup
1777797089.648863,0.000,0.033,backup
1777797090.9055138,0.000,0.029,primary
1777797091.9129112,733.936,0.000,primary
1777797092.9672937,1256.197,0.000,backup
1777797093.985202,526.949,0.000,backup
1777797095.0748663,0.000,0.000,backup
1777797096.1288285,0.000,0.000,backup
1777797097.3475978,0.000,0.000,backup
1777797098.4108114,0.000,0.000,primary
1777797099.542714,0.000,0.000,primary
1777797100.6114223,0.000,0.000,primary
1777797101.7034333,0.000,0.000,primary
1777797102.707485,0.000,0.000,primary
1777797103.9437792,0.000,0.000,primary
1777797105.0404358,0.000,0.000,primary
1777797106.085575,0.000,0.000,primary
1777797107.1305742,0.000,0.000,primary
1777797108.1381254,631.770,0.000,primary
1777797109.186115,1204.214,0.000,backup
1777797110.2667854,516.326,0.004,backup
1777797111.2933466,0.000,0.004,backup
1777797112.3522236,0.000,0.004,backup
1777797113.3925085,0.000,0.004,backup
1777797114.65812,0.000,0.000,primary
1777797115.738797,869.732,0.000,primary
1777797116.7649508,1079.101,0.000,backup
1777797195.1970146,0.000,0.000,primary
1777797196.2764165,0.000,0.000,primary
1777797197.4861574,0.000,0.000,primary
1777797198.599871,0.000,0.000,primary
1777797199.7383242,0.007,0.000,primary
1777797200.8505135,0.004,0.000,primary
1777797201.8722186,0.000,0.000,primary
1777797202.8992581,0.000,0.000,primary
1777797203.9312775,0.010,0.000,primary
1777797204.9426725,0.000,0.000,primary
1777797205.9480612,0.000,0.000,primary
1777797207.030599,0.000,0.000,primary
1777797208.0687418,0.006,0.000,primary
1777797209.1351426,0.000,0.000,primary
1777797210.2389736,0.000,0.000,primary
1777797211.2437,194.986,0.000,primary
1777797212.3796716,923.116,0.000,primary
1777797213.4194355,1248.112,0.000,backup
1777797214.4318259,495.045,0.000,backup
1777797215.4703324,0.000,0.000,backup
1777797216.5176907,0.000,0.025,backup
1777797217.6146297,0.000,0.000,backup
1777797218.924676,0.000,0.000,primary
1777797219.959951,0.005,0.000,primary
1777797220.9687762,0.000,0.000,primary
1777797221.9722924,0.000,0.000,primary
1777797223.0699449,0.000,0.000,primary
1777797224.1028728,0.000,0.000,primary
1777797225.1039112,0.000,0.000,primary
1777797226.1142247,0.000,0.000,primary
1777797227.1265042,0.000,0.000,primary
1777797228.1477838,0.000,0.000,primary
1777797300.3807518,0.000,0.000,primary
1777797301.4793775,0.000,0.000,primary
1777797302.6237805,0.000,0.000,primary
1777797303.6902547,0.000,0.000,primary
1777797304.7650743,0.000,0.000,primary
1777797305.7903705,0.000,0.000,primary
1777797403.256269,0.000,0.000,primary
1777797404.2983718,0.002,0.000,primary
1777797405.3086083,0.000,0.002,primary
1777797406.3119316,0.000,0.000,primary
1777797407.3421757,0.000,0.000,primary
1777797408.3651052,0.000,0.000,primary
1777797409.4247649,0.000,0.000,primary
1777797410.5076122,0.000,0.000,primary
1777797411.686756,0.000,0.000,primary
1777797412.769095,0.000,0.000,primary
1777797413.9342651,538.871,0.000,primary
1777797415.0481303,1250.207,0.000,backup
1777797416.1612198,639.553,0.016,backup
1777797417.1929822,0.000,0.014,backup
1777797418.217115,0.000,0.014,backup
1777797419.2772357,0.000,0.014,backup
1777797420.4757416,0.000,0.000,primary
1777797421.6105375,1587.277,0.001,backup
1777797422.6679084,516.769,0.000,backup
1777797423.7365437,0.000,0.091,backup
1777797424.8464887,0.000,0.087,backup
1777797425.9378402,0.000,0.090,backup
1777797426.99878,0.000,0.091,primary
1777797428.1431675,1073.932,0.000,backup
1777797429.2837112,544.071,0.001,backup
1777797430.3002295,0.000,0.002,backup
1777797431.398541,0.000,0.003,backup
1777797432.4226866,0.000,0.000,backup
1777797433.4395242,0.000,0.000,primary
1777797434.471755,0.001,0.000,primary
1777797435.5782661,1520.184,0.000,backup
1777797436.6411,0.000,0.002,backup
1777797437.6472683,0.000,0.002,backup
1777797438.6586158,0.000,0.002,backup
1777797439.6831803,0.000,0.000,backup
1777797440.9366405,0.000,0.001,primary
1777797442.0339253,0.008,0.001,primary
1777797443.1409879,0.008,0.000,primary
1777797444.1868262,0.000,0.000,primary
1777797445.4521294,0.007,0.000,primary
1777797446.4845293,0.000,0.000,primary
1777797447.621174,0.000,0.000,primary
1777797448.6635342,0.000,0.000,primary
1777797449.7133,0.000,0.000,primary
1777797450.8416018,0.000,0.000,primary
1777797451.858028,0.000,0.000,primary
1777797452.8768046,0.000,0.000,primary
1777797453.9033065,0.001,0.001,primary
1777797454.9504933,0.000,0.000,primary
1777797456.0016613,0.000,0.000,primary
1777797457.026953,0.000,0.000,primary
1777797458.0469708,0.000,0.001,primary
1777797459.082533,0.000,0.000,primary
1777797460.11915,0.000,0.000,primary
1777797461.141724,0.000,0.000,primary
1777797462.1690946,0.000,0.000,primary
1777797463.198375,0.000,0.000,primary
1777797464.222104,0.000,0.000,primary
1777797465.2461486,0.000,0.000,primary
1777797466.2544093,0.000,0.000,primary
1777797467.2838557,0.000,0.000,primary
1777797468.304506,0.002,0.000,primary
1777797469.339555,0.000,0.002,primary
1777797470.359059,0.000,0.000,primary
1777797471.3919997,0.000,0.000,primary
1777797472.4142418,0.000,0.000,primary
1777797473.4400315,0.000,0.000,primary
1777797474.454966,0.001,0.000,primary
1777797475.475135,0.000,0.000,primary
1777797476.4913378,0.019,0.000,primary
1777797477.5269496,0.000,0.000,primary
1777797478.541229,0.029,0.000,primary
1777797479.5633323,0.000,0.000,primary
1777797480.5771358,0.000,0.000,primary
1777797481.6052635,0.001,0.000,primary
1777797482.612454,0.009,0.000,primary
1777797483.636148,0.000,0.000,primary
1777797484.653018,0.000,0.000,primary
1777797485.676064,0.000,0.000,primary
1777797486.700062,0.000,0.000,primary
1777797487.7234676,0.000,0.000,primary
1777797488.7323327,0.000,0.000,primary
1777797489.759336,0.000,0.000,primary
1777797490.8106315,0.054,0.000,primary
1777797491.837722,0.000,0.000,primary
1777797492.8834057,0.000,0.000,primary
1777797493.9186645,0.000,0.000,primary
1777797494.9423764,0.000,0.000,primary
1777797495.967069,0.000,0.000,primary
1777797496.9703064,0.000,0.000,primary
1777797497.9982588,0.000,0.000,primary
1777797499.006573,0.000,0.000,primary
1777797500.029327,0.000,0.000,primary
1777797501.067443,0.000,0.000,primary
1777797812.9151394,0.000,0.000,primary
1777797813.9764817,0.002,0.002,primary
1777797815.1947436,0.000,0.000,primary
1777797816.2281792,0.000,0.000,primary
1777797817.3575392,0.000,0.000,primary
1777797818.461171,0.001,0.001,primary
1777797819.497358,0.000,0.000,primary
1777797820.5105202,1156.582,0.000,backup
1777797821.512176,574.630,0.037,backup
1777797822.6232123,0.003,0.049,backup
1777797823.7442145,0.000,0.030,backup
1777797824.8493545,0.000,0.040,backup
1777797825.9533033,0.000,0.031,primary
1777797827.0598114,234.283,0.000,primary
1777797828.136413,1416.137,0.000,backup
1777797829.2237554,467.670,0.000,backup
1777797830.2631614,0.000,0.000,backup
1777797831.3131354,0.000,0.192,backup
1777797832.335466,0.000,0.139,backup
1777797833.582717,200.140,0.206,primary
1777797834.752843,1108.895,0.000,backup
1777797835.8426445,542.010,0.101,backup
1777797836.9436314,0.002,0.130,backup
1777797837.9738078,0.001,0.127,backup
1777797838.9829102,0.000,0.050,backup
1777797840.2165682,144.280,0.005,primary
1777797841.2394805,847.316,0.000,primary
1777797842.352306,972.056,0.000,backup
1777797843.910591,416.065,0.122,backup
1777797844.9654222,0.000,0.170,backup
1777797846.066782,0.000,0.156,backup
1777797847.1659555,0.000,0.166,backup
1777797848.1982708,702.164,0.054,primary
1777797849.3363216,1076.002,0.000,backup
1777797850.5126936,505.006,0.032,backup
1777797851.5128036,0.000,0.033,backup
1777797852.5841808,0.000,0.028,backup
1777797853.7155843,0.000,0.000,backup
1777797855.158459,352.854,0.129,primary
1777797856.2491348,1157.096,0.000,backup
1777797857.277085,579.630,0.054,backup
1777797858.3135114,0.003,0.056,backup
1777797859.406326,0.002,0.067,backup
1777797860.4410028,0.000,0.038,backup
1777797861.5153582,0.000,0.024,primary
1777797862.5491025,1032.375,0.021,backup
1777797863.555482,481.359,0.009,backup
1777797864.5983407,0.000,0.000,backup
1777797865.716134,0.000,0.033,backup
1777797866.821867,0.000,0.007,backup
1777797867.9873464,0.000,0.013,primary
1777797869.034444,666.659,0.001,primary
1777797870.2232144,1114.988,0.000,backup
1777797871.3181431,649.980,0.001,backup
1777797872.3963702,0.000,0.000,backup
1777797873.4192994,0.000,0.010,backup
1777797874.437054,0.000,0.031,backup
1777798027.5602949,0.000,0.000,primary
1777798028.611485,0.001,0.000,primary
1777798029.6403189,0.000,0.000,primary
1777798030.7249384,0.000,0.000,primary
1777798031.9736369,0.000,0.000,primary
1777798033.0646307,0.000,0.000,primary
1777798034.0804458,0.000,0.000,primary
1777798035.1804557,0.000,0.001,primary
1777798036.225082,0.001,0.001,primary
1777798037.2406607,0.000,0.000,primary
1777798038.2500048,0.000,0.000,primary
1777798039.2645228,592.381,0.000,primary
1777798040.316181,1150.594,0.000,backup
1777798041.3260295,624.532,0.023,backup
1777798042.347611,0.002,0.019,backup
1777798043.3875053,0.001,0.019,backup
1777798044.4035745,0.000,0.019,backup
1777798045.4250891,0.000,0.000,primary
1777798046.5704803,364.718,0.001,primary
1777798047.6226053,1381.625,0.000,backup
1777798048.624147,502.044,0.001,backup
1777798049.655921,0.000,0.000,backup
1777798050.6745646,0.000,0.000,backup
1777798051.6849313,0.000,0.000,backup
1777798052.9839554,0.000,0.000,primary
1777798054.0878098,0.000,0.000,primary
1777798055.1283197,0.000,0.000,primary
1777798056.1656628,0.000,0.000,primary
1777798057.191184,922.519,0.000,primary
1777798058.197645,1309.878,0.000,backup
1777798059.2511904,517.878,0.024,backup
1777798060.3569713,0.004,0.027,backup
1777798061.4544148,0.000,0.006,backup
1777798062.5306985,0.000,0.016,backup
1777798063.6376872,0.000,0.000,primary
1777798064.6377199,1794.803,0.000,backup
1777798065.7598388,655.136,0.012,backup
1777798066.841992,0.000,0.000,backup
1777798067.9428432,0.000,0.000,backup
1777798069.0057523,0.000,0.000,backup
1777798070.060019,0.000,0.000,primary
1777798071.1135452,0.000,0.000,primary
1777798072.2144725,1526.317,0.000,backup
1777798073.261547,2232.989,0.001,backup
1777798074.286848,0.000,0.000,backup
1777798075.3446035,0.000,0.000,backup
1777798076.3807452,0.000,0.000,backup
1777798077.4647033,0.000,0.000,primary
1777798078.9082727,0.000,0.000,primary
1777798080.3179636,0.000,0.000,primary
1777798081.395383,0.000,0.000,primary
1777798082.4858484,0.000,0.000,primary
1777798083.60215,0.000,0.000,primary
1777798084.7276728,0.000,0.000,primary
1777798085.7659314,0.000,0.000,primary
1777798086.7708387,0.000,0.000,primary
1777798087.7915473,0.000,0.008,primary
1777798088.7945602,0.000,0.000,primary
1777798089.8929484,0.000,0.000,primary
1777798090.9226167,0.000,0.000,primary
1777798091.9455438,0.000,0.000,primary
1777798092.9698424,0.000,0.001,primary
1777798094.0181243,0.000,0.000,primary
1777798095.0836887,0.000,0.000,primary
1777798096.1911128,0.000,0.000,primary
1777798097.2625694,0.000,0.001,primary
1777798098.3638825,0.000,0.000,primary
1777798099.4543455,0.000,0.000,primary
1777798100.5211275,0.001,0.001,primary
1777798101.6468785,0.038,0.000,primary
1777798102.6847558,0.000,0.000,primary
1777798103.7658129,0.008,0.000,primary
1777798104.839937,0.003,0.000,primary
1777798105.8564336,0.002,0.002,primary
1777798106.8648546,0.000,0.000,primary
1777798107.9485924,0.000,0.000,primary
1777798108.9922304,0.012,0.000,primary
1777798110.0605202,0.000,0.000,primary
1777798111.138102,0.000,0.000,primary
1777798112.2352865,462.417,0.000,primary
1777798113.3622332,1222.301,0.000,backup
1777798114.4006042,570.559,0.017,backup
1777798115.4933734,0.000,0.015,backup
1777798116.542284,0.000,0.017,backup
1777798117.5532296,0.000,0.018,backup
1777798118.742892,0.011,0.001,primary
1777798119.7726152,1236.914,0.000,backup
1777798120.8427281,495.413,0.030,backup
1777798121.853179,0.000,0.000,backup
1777798122.9158897,0.000,0.000,backup
1777798123.925149,0.000,0.000,backup
1777798125.1689065,0.003,0.000,primary
1777798126.2256422,0.000,0.000,primary
1777798127.2536564,0.000,0.000,primary
1777798128.2567518,0.000,0.000,primary
1777798129.3188946,0.000,0.000,primary
1777798130.322493,0.000,0.000,primary
1777798131.3453295,0.000,0.000,primary
1777798132.3620493,0.000,0.000,primary
1777798133.4511836,0.002,0.000,primary
1777798134.5454593,0.000,0.000,primary
1777798135.6360054,0.000,0.000,primary
1777798136.6412117,0.000,0.000,primary
1777798137.7623508,0.000,0.000,primary
1777798138.8287816,0.000,0.000,primary
1777798139.840094,0.000,0.000,primary
1777798140.9184158,0.000,0.000,primary
1777798142.0190268,0.000,0.000,primary
1777798143.1318288,0.000,0.000,primary
1777798144.2324066,0.000,0.000,primary
1777798145.244917,0.000,0.000,primary
1777798146.2617433,0.000,0.000,primary
1777798147.37726,0.000,0.000,primary
1777798148.428752,0.000,0.000,primary
1777798149.4300127,0.000,0.000,primary
1777798150.4546478,0.000,0.000,primary
1777798151.471854,0.000,0.000,primary
1777798152.508627,0.000,0.000,primary
1777798153.5780795,0.000,0.000,primary
1777798154.6204538,0.000,0.000,primary
1777798155.712759,0.000,0.000,primary
1777798156.7603302,0.000,0.000,primary
1777798157.8213365,0.000,0.000,primary
1777798158.8564913,0.000,0.000,primary
1777798159.944383,0.000,0.000,primary
1777798161.0090857,0.000,0.000,primary
1777798162.0487804,0.000,0.000,primary
1777798788.7073348,0.000,0.000,primary
1777798789.7414277,0.000,0.000,primary
1777798790.7829995,0.000,0.000,primary
1777798791.826743,0.000,0.000,primary
1777798793.0256245,0.000,0.000,primary
1777798794.1377447,0.000,0.000,primary
1777798795.307512,0.000,0.000,primary
1777798796.4056482,0.000,0.000,primary
1777798797.5144265,0.056,0.000,primary
1777798798.550161,0.000,0.000,primary
1777798799.6233253,0.001,0.000,primary
1777798800.6589208,0.000,0.001,primary
1777798801.661184,0.000,0.000,primary
1777798802.7294044,0.002,0.002,primary
1777798803.7373507,0.000,0.000,primary
1777798804.786874,0.059,0.000,primary
1777798805.819816,0.060,0.001,primary
1777798806.8650484,0.000,0.000,primary
1777798807.9602017,0.000,0.000,primary
1777798808.9989502,0.000,0.000,primary
1777798810.0084922,0.000,0.000,primary
1777798811.0348132,0.000,0.000,primary
1777798812.0807116,0.000,0.000,primary
1777798813.1140854,0.000,0.000,primary
1777798814.1566265,0.000,0.000,primary
1777798815.1929357,0.000,0.000,primary
1777798816.2095258,0.000,0.000,primary
1777798817.2959774,0.000,0.000,primary
1777798818.3676028,0.000,0.000,primary
1777798819.4094763,0.000,0.000,primary
1777798820.4578748,0.000,0.000,primary
1777798821.4973547,0.000,0.000,primary
1777798907.4912896,0.000,0.000,primary
1777798908.512726,0.000,0.000,primary
1777798909.747623,0.000,0.000,primary
1777798910.7778254,0.000,0.000,primary
1777798911.7831478,0.000,0.000,primary
1777798912.8265092,0.000,0.000,primary
1777798913.9363697,0.000,0.000,primary
1777798915.0488374,0.000,0.000,primary
1777798916.1036081,0.000,0.000,primary
1777798917.1686723,0.000,0.000,primary
1777798918.260763,0.056,0.000,primary
1777798919.2847497,0.000,0.000,primary
1777798920.346039,0.000,0.000,primary
1777798921.3616478,0.000,0.000,primary
1777798922.3793678,0.000,0.000,primary
1777798923.436871,0.000,0.000,primary
1777798924.4445033,0.000,0.000,primary
1777798925.4527144,0.000,0.000,primary
1777798926.4700236,0.000,0.000,primary
1777798927.521221,0.000,0.000,primary
1777799196.8266122,0.000,0.000,primary
1777799197.9201295,0.000,0.000,primary
1777799199.069416,0.000,0.000,primary
1777799200.115389,0.001,0.000,primary
1777799201.2515087,0.000,0.000,primary
1777799202.273475,0.000,0.000,primary
1777799203.3518724,796.232,0.001,primary
1777799204.3984897,1497.482,0.000,backup
1777799205.4964724,596.164,0.014,backup
1777799206.569612,0.000,0.017,backup
1777799207.6017218,0.000,0.022,backup
1777799208.649058,0.000,0.021,backup
1777799209.8254774,0.103,0.011,primary
1777799210.9479632,1955.510,0.000,backup
1777799212.0355167,472.558,0.003,backup
1777799213.0525033,0.000,0.008,backup
1777799214.0800445,0.000,0.013,backup
1777799215.1131067,0.000,0.013,backup
1777799216.3638868,904.541,0.010,primary
1777799217.495948,1766.496,0.000,backup
1777799218.6527255,428.778,0.004,backup
1777799219.7309344,0.000,0.009,backup
1777799220.7992537,0.000,0.013,backup
1777799221.809296,0.000,0.012,backup
1777799222.9533272,831.641,0.089,primary
1777799224.0237045,2266.088,0.093,backup
1777799225.0909963,515.909,0.099,backup
1777799226.1010911,0.000,0.104,backup
1777799227.149102,0.000,0.104,backup
1777799228.2116346,0.000,0.105,backup
1777799229.376769,620.342,0.028,primary
1777799230.441411,1978.477,0.072,backup
1777799231.5438018,478.460,0.003,backup
1777799232.5807064,0.000,0.008,backup
1777799233.7195227,0.000,0.086,backup
1777799234.7219687,0.000,0.027,backup
1777799235.831675,653.679,0.009,primary
1777799236.9372165,2162.782,0.000,backup
1777799238.0035307,478.446,0.003,backup
1777799239.0993335,0.000,0.007,backup
1777799240.1011174,0.000,0.013,backup
1777799241.1178074,0.000,0.013,backup
1777799707.818105,0.000,0.000,primary
1777799708.8734944,0.001,0.001,primary
1777799710.0456033,0.000,0.000,primary
1777799711.1414442,0.000,0.000,primary
1777799712.1671383,0.000,0.000,primary
1777799713.2353737,0.000,0.000,primary
1777799714.3194554,0.000,0.000,primary
1777799715.3571093,0.000,0.001,primary
1777799716.4399428,900.358,0.000,primary
1777799717.4478495,1420.880,0.000,backup
1777799718.486578,602.295,0.007,backup
1777799719.566614,0.001,0.011,backup
1777799720.577869,0.000,0.014,backup
1777799721.6281009,0.002,0.014,backup
1777799722.9900103,731.617,0.009,primary
1777799724.037732,2091.756,0.001,backup
1777799725.0636244,552.162,0.006,backup
1777799726.1460419,0.000,0.007,backup
1777799727.2344666,0.000,0.013,backup
1777799728.257725,0.000,0.012,backup
1777799729.4667444,728.414,0.009,primary
1777799730.4976997,2127.058,0.000,backup
1777799731.5953972,441.318,0.004,backup
1777799732.6671777,0.000,0.008,backup
1777799733.6878767,0.000,0.013,backup
1777922248.7468162,0.000,0.000,primary
1777922253.891906,0.000,0.000,primary
1777922259.1224465,0.000,0.000,primary
1777922264.3639073,0.000,0.000,primary
1777922269.385255,0.000,0.000,primary
1777922274.6556895,0.000,0.000,primary
1777922392.453289,0.000,0.000,primary
1777922393.4859493,0.000,0.000,primary
1777922394.5199754,0.000,0.000,primary
1777922395.536081,0.000,0.000,primary
1777922396.6141038,0.000,0.000,primary
1777922397.6176481,0.000,0.000,primary
1777922398.6662421,0.000,0.000,primary
1777922399.666421,0.000,0.000,primary
1777922400.685173,0.000,0.000,primary
1777922401.756522,0.000,0.000,primary
1777922402.8622591,0.000,0.000,primary
1777922403.951014,0.000,0.000,primary
1777922404.9786386,0.000,0.000,primary
1777922405.9932003,0.000,0.000,primary
1777922407.0098102,0.000,0.000,primary
1777922408.021117,0.000,0.000,primary
1777922409.0297375,0.000,0.000,primary
1777922410.078128,0.000,0.000,primary
1777922411.1324308,0.000,0.000,primary
1777922412.233275,1170.544,0.197,backup
1777922413.3032928,478.334,0.005,backup
1777922414.3058279,0.001,0.100,backup
1777922415.421404,0.000,0.108,backup
1777922416.4571252,0.000,0.109,backup
1777922417.7987595,423.899,0.084,primary
1777922418.9288461,1708.190,0.001,backup
1777922420.0145595,409.148,0.004,backup
1777922421.0836415,0.000,0.007,backup
1777922422.1366658,0.000,0.015,backup
1777922423.1869104,0.000,0.015,backup
1777922424.2196846,0.000,0.013,primary
1777922425.2603292,2520.110,0.000,backup
1777922426.3509645,297.153,0.005,backup
1777922427.3997023,0.000,0.009,backup
1777922428.418234,0.000,0.013,backup
1777922429.4206328,0.000,0.011,backup
1777922430.5790882,589.133,0.010,primary
1777922431.6197677,2078.085,0.000,backup
1777922432.6900518,277.661,0.003,backup
1777922433.7148652,0.000,0.008,backup
1777922434.775839,0.000,0.013,backup
1777922435.8221529,0.000,0.014,backup
1777922437.006962,660.716,0.008,primary
1777922438.16424,1492.717,0.000,backup
1777922439.2149975,334.347,0.003,backup
1777922440.2482963,0.000,0.008,backup
1777922441.295329,0.000,0.012,backup
1777922442.3435686,0.000,0.012,backup
1777922680.7229562,0.000,0.000,primary
1777922681.7670486,0.000,0.000,primary
1777922683.0295908,0.000,0.000,primary
1777922684.1051288,0.000,0.000,primary
1777922685.1798172,0.000,0.000,primary
1777922686.1891441,0.000,0.000,primary
1777922687.275378,0.000,0.000,primary
1777922688.3152757,0.000,0.000,primary
1777922689.3816926,0.000,0.000,primary
1777922690.4437165,0.000,0.000,primary
1777922691.486114,0.000,0.000,primary
1777922692.5383184,0.000,0.000,primary
1777922693.5566313,0.000,0.000,primary
1777922694.5833552,0.001,0.000,primary
1777923354.4516504,0.000,0.000,primary
1777923355.480736,0.000,0.000,primary
1777923356.7158556,0.000,0.000,primary
1777923357.7431152,0.000,0.000,primary
1777923358.8175163,176.786,0.413,primary
1777923359.9335299,1296.971,0.232,backup
1777923361.025163,324.610,0.125,backup
1777923362.0570037,0.000,0.134,backup
1777923363.1071296,0.000,0.234,backup
1777923364.1264539,0.000,0.221,backup
1777923365.175731,0.000,0.289,primary
1777923366.2557597,737.091,0.014,primary
1777923367.36754,1821.169,0.000,backup
1777923369.9434931,175.166,0.046,backup
1777923370.9513085,0.001,0.062,backup
1777923371.968244,0.000,0.097,backup
1777923373.0351663,710.391,0.042,primary
1777923374.0639548,1361.173,0.000,backup
1777923375.0806746,375.794,0.005,backup
1777923376.15455,0.000,0.032,backup
1777923377.1839476,0.000,0.017,backup
1777923378.217672,0.000,0.013,backup
1777923379.330569,0.000,0.038,primary
1777923380.619475,1471.906,0.000,backup
1777923381.6623218,363.749,0.044,backup
1777923382.666576,0.000,0.010,backup
1777923383.6791894,0.000,0.051,backup
1777923384.718639,0.000,0.042,backup
1777923385.9898868,235.234,0.009,primary
1777923387.03263,1987.932,0.000,backup
1777923388.8089812,417.073,0.010,backup
1777923389.8787062,0.001,0.028,backup
1777923390.9679255,0.000,0.039,backup
1777923392.1552937,0.000,0.031,primary
1777923393.381231,985.854,0.013,backup
1777923394.4764235,336.250,0.016,backup
1777923395.5011463,0.000,0.032,backup
1777923396.5551317,0.000,0.012,backup
1777923397.6489208,0.000,0.012,backup
1777923398.72091,0.000,0.020,primary
1777923399.7335563,2421.876,0.001,backup
1777923400.749813,281.563,0.005,backup
1777923401.7702677,0.000,0.036,backup
1777923402.7855625,0.000,0.013,backup
1777923403.8397684,0.000,0.012,backup
1777923405.0804293,834.488,0.010,primary
1777923406.1991713,2487.576,0.000,backup
1777923407.2775903,251.757,0.015,backup
1777923408.3663592,0.000,0.008,backup
1777923409.4218197,0.000,0.013,backup
1777923410.4791465,0.000,0.013,backup
1777923411.5924284,949.439,0.008,primary
1777923412.597335,2157.701,0.000,backup
1777923413.6189666,376.407,0.003,backup
1777923414.672051,0.000,0.008,backup
1777923415.7085586,0.000,0.013,backup
1777923416.711834,0.000,0.013,backup
1777923418.1177762,736.507,0.010,primary
1777923419.2328491,1311.884,0.000,backup
1777923420.4521403,236.000,0.018,backup
1777923421.4756613,0.000,0.009,backup
1777923422.5330832,0.000,0.013,backup
1777923423.5727544,0.000,0.045,backup
1777923424.7588766,683.255,0.010,primary
1777923425.7708573,2053.847,0.000,backup
1777923426.791806,295.202,0.003,backup
1777923427.8261707,0.000,0.030,backup
1777923428.8569527,0.000,0.013,backup
1777923429.9502475,0.000,0.062,backup
1777923431.1221783,773.592,0.009,primary
1777923432.2765768,2045.936,0.000,backup
1777923433.3918262,265.045,0.032,backup
1777923434.4856174,0.000,0.008,backup
1777923435.520818,0.000,0.040,backup
1777923436.5630274,0.000,0.011,backup
